{
  "symbol":"xel",
  "name":"Elastic",
  "module":"quartz",
  "import":"nxt",
  "mode":"nxt.elastic",
  "addressRegex":"^XEL(-[A-HJ-N-P-Z2-9]{4}){4}[A-HJ-N-P-Z2-9]$",
  "factor":8,
  "fee":1,
  "host":["http://compute.xelastic.xyz/nxt"],
  "alternativeHosts" : ["http://mr-hyde.xeline.org:17876/nxt","https://wallet.xel.org/nxt"],
  "cache":15000,
  "throttle":5,
  "quartz":{
    "sample" : [
      "done({address:'XEL-WVUH-342G-KUK2-BJCAU',transaction:'12238083156285810252',publicKey:'ac98288464ff917788a49d2ca4ccf078b66e4090e2b81c8daef8b492bcc1ef0e'})"
    ]
  }
}
