{
  "engine":"transport",
  "name":"Transport engine module",
  "module":"transport",
  "readTimeout":32000,
  "announceMaxBufferSize":5000,
  "hashSalt":"Th1s1sS0m3S4lty3ntr0pyf0rTh0s3H4sh1ngFunct10ns!",
  "defaultChannel":"hybrixAnnouncements",
  "defaultIrcHost":"irc.freenode.net",
  "defaultTorrentPasswd":"l3ts_b34t_th3_b4nks!",
  "cron" : 300,
  "quartz" : {
    "rout" : [
      "time 40000",
      "# get the node's public key/ID",
      "with 'nodeId' 'node'",
      "# create path out of arguments",
      "data $@",
      "pull",
      "push '$nodeId' 1",
      "join '/'",
      "call 'send/*/$'",
      "call 'read/*/$nodeId/$'",
      "done"
    ]
  },
  "router" : {
    "_hidden":true,
    "_help" : "Control the announcement engine.",
    "open":{
      "_help" : "Connect to a transport network. When initialized the transport returns a handle.",
      "_this" : "When entering no other information, the possible protocols are listed.",
      "_ref" : {
        "_list" : "protocol",
        "_this" : "Protocol to use. (irc or bittorrent)",
        "_ref" : {
          "_list" : "target",
          "_this" : "Target group or host to connect to.",
          "_ref" : {
            "_list" : "channel",
            "_this" : "Channel or network name specifier."
          }
        }
      }
    },
    "stop":{
      "_help" : "Close an active transport.",
      "_ref" : {
        "_list" : "handle",
        "_this" : "Specify the handle of the transport to close."
      }
    },
    "info":{
      "_help" : "Get information about an active transport.",
      "_ref" : {
        "_list" : "handle",
        "_this" : "Specify the handle of the transport to query."
      }
    },
    "send":{
      "_help" : "Send a message over an active transport.",
      "_ellipsis": true,
      "_ref" : {
        "_list" : "handle",
        "_ref" : {
          "_list" : "target_node_Id",
          "_ref" : {
            "_list" : "message",
            "_this" : "Message to send must be a string. A message ID is returned."
          }
        }
      }
    },
    "read":{
      "_help" : "Read a message from an active transport, expecting the data from a certain source.",
      "_ref" : {
        "_list" : "handle",
        "_ref" : {
          "_list" : "source_node_Id",
          "_ref" : {
            "_list" : "message_Id",
            "_this" : "Specify the message ID to which the remote node is responding."
          }
        }
      }
    },
    "rout":{
      "_help" : "Request an API route from a target node over any active transports.",
      "_ellipsis": true,
      "_ref" : {
        "_list" : "target_node_Id",
        "_ref" : {
          "_list" : "call",
          "_this" : "API call must be a path. The response is returned."
        }
      }
    },
    "list":{
      "_help" : "List active transports, endpoints or peers.",
      "endpoints" : "Current node endpoints are listed.",
      "handles" : "Active transport handles are listed.",
      "peers" : "Peers across all networks are listed."
    }
  }
}
