{
  "quartz" : {
    "balance" : [
      "fail 'Not yet implemented!'"
    ],
    "push" : [
      "fail 'Not yet implemented!'"
    ],
    "history" : [
      "fail 'Not yet implemented!'"
    ],
    "transaction" : [
      "fail 'Not yet implemented!'"
    ],
    "attachment" : [
      "fail 'Not yet implemented!'"
    ],
    "init" : [
      "done"
    ],
    "unspent" : [
      "done {'unspents':[],'change':'0.00000000'}"
    ],
    "mode" : [
      "done '$mode'"
    ],
    "contract" : [
      "data '$contract'",
      "flow 'undefined' 1 2",
      "data null",
      "done"
    ],
    "factor" : [
      "data '$factor'"
    ],
    "fee" : [
      "data '$fee'"
    ],
    "status" : [
      "call history/$1/3/0",
      "join",
      "hash sha256"
    ],
    "fee-factor" : [
      "call 'fee-symbol'",
      "peek '${data}::factor'",
      "done"
    ],
    "fee-symbol" : [
      "data '$symbol'",
      "splt '.'",
      "pick 0",
      "done"
    ],
    "generated" : [
      "data '$generated'",
      "flow 'undefined' 1 2",
      "data 'never'",
      "done"
    ],
    "message" : [
      "call attachment/$1",
      "data '$'",
      "flow 'null' 1 2",
      "done ''",
      "code hex utf8",
      "done"
    ],
    "keygen-base" : [
      "data '$keygen-base'",
      "flow 'undefined' 1 2",
      "data '$symbol'",
      "splt '.'",
      "pick 0",
      "done"
    ],
    "unified-symbols" : [
      "data '$unified-symbols'",
      "flow 'undefined' 1 2",
      "data null",
      "done"
    ],
   "test" : [
      "done {}"
    ],
    "validate" : [
      "data '$addressRegex'",
      "flow 'undefined' 1 3",
      "rout '/source/wavalidator/$symbol/$1'",
      "done",
      "data '$1'",
      "regx '$addressRegex' 1 2",
      "done 'valid'",
      "done 'invalid'"
    ],
    "details" : [
      "data {'contract':null,'factor':null,'fee':null,'fee-factor':null,'fee-symbol':null,'generated':null,'mode':null,'keygen-base':null,'unified-symbols':null}",
      "each subdetails",
      "done {symbol:'$symbol',name:'$name',fee:'${.fee}',factor:'${.factor}',contract:'${.contract}',mode:'${.mode}','unified-symbols':'${.unified-symbols}','fee-symbol':'${.fee-symbol}','fee-factor':'${.fee-factor}','keygen-base':'${.keygen-base}', generated:'${.generated}'}"
    ],
    "subdetails" : [
      "call '${.key}'"
    ]
  }
}
