{
  "symbol":"mock",
  "name":"Mock coin (test coin for Internet of Coins)",
  "module":"quartz",
  "mode":"mockcoin.main",
  "addressRegex":"^\\d{1,3}$",
  "contract" :"main",
  "factor":8,
  "fee":0.15,
  "host":"none",
  "cache":10000,
  "throttle":10,
  "quartz":{
    "unspent" : [
      "pass([{}])"
    ],
    "balance" : [
      "rout('/engine/mockchain/balance/$contract/$1')",
      "form",
      "done"
    ],
    "push" : [
      "data $1",
      "with .factor data $factor",
      "rout /engine/mockchain/push/$",
      "done"
    ],
    "sample" : [
      "done {address:'123',transaction:'0'}"
    ],
    "transaction" : [
      "rout /engine/mockchain/transaction/$1",
      "done"
    ],
    "message" : [
      "rout /engine/mockchain/message/$1",
      "done"
    ],
    "attachment" : [
      "rout /engine/mockchain/attachment/$1",
      "done"
    ],
    "history" : [
      "rout /engine/mockchain/history/$contract/$1/$2/$3",
      "done"
    ]
  }
}
