{
  "source":"blockexplorer",
  "name":"Blockexplorer",
  "module":"blockexplorer",
  "mode":"blockexplorer",
  "router" : {
    "_hidden":true,
    "_ref":{
      "_list":"symbol",
      "balance" : {
        "_help" : "Retrieve the balance at one of the available blockexplorers.",
        "_ref":{
          "_list" : "address",
          "_this" : "Provide the $ADDRESS for which to get the balance."
        }
      },
      "history" : {
        "_help" : "Retrieve the transaction history for an address at one of the available blockexplorers.",
        "_ref":{
          "_list" : "address",
          "_this" : "Provide the $ADDRESS for which to get the transaction history."
        }
      },
      "transaction" : {
        "_help" : "Retrieve the transaction details for a given transaction at one of the available blockexplorers.",
        "_ref":{
          "_list" : "transaction_id",
          "_this" : "Provide the $TRANSACTION_ID to get the details for."
        }
      },
      "unspent" : {
        "_help" : "Retrieve the unspents at one of the available blockexplorers for $SYMBOL.",
        "_ref":{
          "_ellipsis": true,
          "_list" : "address",
          "_this" : "Provide the $ADDRESS to get the unspents.",
          "_ref":{
            "_list" : "amount",
            "_this" : "Provide the $AMOUNT to calculate the unspents and change value."
          }
        }
      }
    }
  }
}
