{

  "host" : {
    "endpoints" : {
      "default" : [],
      "info" : "External facing API endpoints",
      "type" : "array"
    },
    "servers" : {
      "default" : { "http://127.0.0.1:1111" : "/root", "http://127.0.0.1:8080" : "/source/web-wallet" },
      "info" : "Define the servers",
      "type" : "object"
    },
    "ignoretlserror" : {
      "default" : true,
      "type" : "boolean"
    },
    "defaultmaxlisteners" : {
      "default" : 25,
      "info" : "Set the amount of listners for the http server socket",
      "type" : "int"
    }
  },
  "scheduler" : {
    "procpurgetime" : {
      "default" : 120,
      "type" : "int",
      "info" : "Amount of time before a stale process gets cleaned up",
      "unit" : "seconds"
    },
    "maxparallelprocesses" :{},
    "tick" : {
      "default" : 50,
      "info":"Tick frequency for process steps",
      "type" : "int",
      "unit" : "milliseconds"
    },
    "maxusage" : {
      "default" : 80,
      "info" : "Maximum thread usage",
      "type" : "int",
      "unit" : "%"
    }
  },
  "cache" : {
    "maxentries" : {
      "default" : 1000,
      "type" : "int",
      "unit" : "objects"
    },
    "cleanupinterval" : {
      "default" : 1000,
      "type" : "int",
      "unit" : "milliseconds"
    },

    "freshthreshold" : {
      "default" : 1000,
      "type" : "int",
      "unit" : "milliseconds"
    }
  },
  "log" : {
    "hstatloglocation":{
      "info" : "Location(s) of the log files.",
      "type" : "string",
      "default" : "./var/log/hybrixd.log"
    }
  },
  "storage" : {
    "maxstoragesize" : {
      "default" : 1000000000,
      "type" : "int",
      "unit" : "bytes"
    },
    "minstoragetime" : {
      "default" : 30,
      "type" : "int",
      "unit" : "days"
    },
    "maxstoragetime" : {
      "default" : 365,
      "type" : "int",
      "unit" : "days"
    }
  }
}
