{
  "engine":"storage",
  "name":"Storage engine module",
  "module":"storage",
  "cron" : 300,
  "quartz"  : {
    "init":[
      "func 'init'"
    ],
    "seek":[
      "data {key:'$1'}",
      "func 'seek'"
    ],
    "load":[
      "data {key:'$1'}",
      "func 'load'",
      "logs",
      "type 'file:data'",
      "logs",
      "file",
      "done"
    ],
     "get":[
      "data {key:'$1'}",
      "func 'load'",
      "logs",
      "type 'file:data'",
      "logs",
      "file",
      "done"
    ],
    "cron":[
      "func 'cron'"
    ],
    "set":[
      "data {key:'$1',value:'$2'}",
      "func 'save'"
    ],
    "save":[
      "data {key:'$1',value:'$2'}",
      "func 'save'"
    ],
    "meta":[
      "data {key:'$1'}",
      "func 'meta'"
    ],
    "del":[
      "fail 'Deleting data from node storage is not supported!'"
    ],
    "burn":[
      "fail 'Deleting data from node storage is not supported!'"
    ],
    "work":[
      "data {key:'$1', pow:'$2'}",
      "func 'work'"
    ]
  },
  "router" : {
    "_help" : "Control the decentralized storage engine.",
    "seek":{
      "_help" : "Check if a storage key exists.",
      "_ref" : {
        "_list" : "storage_id",
        "_this" : "Specify the ID key too check if it exists."
      }
    },
    "load":{
      "_help" : "Load data from storage.",
      "_ref" : {
        "_list" : "storage_id",
        "_this" : "Specify the ID key to get storage from."
      }
    },
    "get":{"_alias":"load"},
    "save":{
      "_help" : "Save data to storage.",
      "_ref" : {
        "_list" : "storage_id",
        "_help" : "Specify the ID key to save storage to.",
        "_ref" : {
          "_list" : "data",
          "_this" : "Specify the data string value to be saved."
        }
      }
    },
    "set":{"_alias":"save"},
    "burn":{
      "_access" : "root",
      "_help" : "Delete data from storage.",
      "_ref" : {
        "_list" : "storage_id",
        "_this" : "Specify the ID key to delete the storage object."
      }
    },
    "del":{"_alias":"burn"},
    "work":{
      "_help" : "Provide proof-of-work for long term storage.",
      "_ref" : {
        "_list" : "key",
        "_help" : "Specify the ID key to provide proof for.",
        "_ref" : {
          "_list" : "proof",
          "_this" : "Specify a proof string that solves the puzzle."
        }
      }
    },
    "pow":{"_alias":"work"},
    "meta":{
      "_help" : "Get metadata about a storage object.",
      "_ref" : {
        "_list" : "storage_id",
        "_this" : "Specify the ID key to get metadata for."
      }
    }
  }
}
