{
  "symbol":"dcr",
  "name":"Decred",
  "module":"quartz",
  "mode":"decredcore.livenet",
  "factor":8,
  "fee":0.001,
  "host":["https://dcrblockexplorer.com/api","https://mainnet.decred.org/api","https://explorer.dcrdata.org/insight/api"],
  "cache":20000,
  "throttle":10,
  "quartz":{
    "unspent" : [
      "poke 'inputval' '99999999999999999999'",
      "test $2 1 2",
      "poke 'inputval' '$2'",
      "time $longtimeout",
      "curl 'asset://$symbol' '/addr/$1/utxo' 'GET' {'content-type':'application/json'}",
      "test (typeof data[0]==='undefined') 1 2",
      "fail 'Bad input unspents from Decred block explorer!'",
      "each data 'unspent_tran'",
      "sort '.amount'",
      "scan 'cnt<($inputval+val.amount)' '+val.amount'",
      "poke 'selected'",
      "tran '[].amount' 2 1",
      "data []",
      "math '+'",
      "math '-$inputval'",
      "test (data<0) 1 2",
      "data '0'",
      "form",
      "done {unspents:$selected,change:data}"
    ],
    "unspent_tran" : [
      "data data.value",
      "poke 'unspent'",
      "tran '.amount' 2 1",
      "data 0",
      "form",
      "poke 'amount'",
      "peek 'unspent'",
      "tran {script:'.scriptPubKey',amount:'$amount',txid:'.txid',txn:'.vout'} 2 1",
      "fail 'Bad input unspents from Decred block explorer!'",
      "done"
    ],
    "balance" : [
      "curl 'asset://$symbol' '/addr/$1' 'GET' {'content-type':'application/json'}",
      "tran {confirmed:'.balance',unconfirmed:'.unconfirmedBalance'} 2 1",
      "data {confirmed:0,unconfirmed:0}",
      "math data.confirmed+'+'+data.unconfirmed"
    ],
    "fee" : [
      "curl 'asset://$symbol' '/utils/estimatefee' 'GET' {'content-type':'application/json'}",
      "tran '.2' 2 1",
      "data $fee"
    ],
    "push" : [
      "data {rawtx:'$1'}",
      "curl 'asset://$symbol' '/tx/send' 'POST' {'content-type':'application/json'}",
      "tran '.txid' 2 1",
      "fail",
      "done"
    ],
    "sample" : [
      "done {address:'DsSjz8ffAQNS523ko5M4dCqc7gkqu4k3mnN',transaction:'ff18fe56917a46897ab8f90b8b8b029a96c5f87a66cb2d5fff2719215e8ed946'}"
    ]
  }
}
