[{"Description": "Halts execution.", "Gas Used": "0", "Mnemonic": "STOP", "Value": "0x00"}, {"Description": "Addition operation", "Gas Used": "3", "Mnemonic": "ADD", "Value": "0x01"}, {"Description": "Multiplication operation.", "Gas Used": "5", "Mnemonic": "MUL", "Value": "0x02"}, {"Description": "Subtraction operation.", "Gas Used": "3", "Mnemonic": "SUB", "Value": "0x03"}, {"Description": "Integer division operation.", "Gas Used": "5", "Mnemonic": "DIV", "Value": "0x04"}, {"Description": "Signed integer division operation (truncated).", "Gas Used": "5", "Mnemonic": "SDIV", "Value": "0x05"}, {"Description": "Modulo remainder operation", "Gas Used": "5", "Mnemonic": "MOD", "Value": "0x06"}, {"Description": "Signed modulo remainder operation.", "Gas Used": "5", "Mnemonic": "SMOD", "Value": "0x07"}, {"Description": "Modulo addition operation.", "Gas Used": "8", "Mnemonic": "ADDMOD", "Value": "0x08"}, {"Description": "Modulo multiplication operation.", "Gas Used": "8", "Mnemonic": "MULMOD", "Value": "0x09"}, {"Description": "Exponential operation.", "Gas Used": "(exp == 0) ? 10 : (10 + 10 * (1 + log256(exp)))", "Mnemonic": "EXP", "Value": "0x0a"}, {"Description": "Extend length of two\u2019s complement signed integer.", "Gas Used": "5", "Mnemonic": "SIGNEXTEND", "Value": "0x0b"}, {"Description": "Less-than comparison.", "Gas Used": "3", "Mnemonic": "LT", "Value": "0x10"}, {"Description": "Greater-than comparison.", "Gas Used": "3", "Mnemonic": "GT", "Value": "0x11"}, {"Description": "Signed less-than comparison.", "Gas Used": "3", "Mnemonic": "SLT", "Value": "0x12"}, {"Description": "Signed greater-than comparison.", "Gas Used": "3", "Mnemonic": "SGT", "Value": "0x13"}, {"Description": "Equality comparison.", "Gas Used": "3", "Mnemonic": "EQ", "Value": "0x14"}, {"Description": "Simple not operator.", "Gas Used": "3", "Mnemonic": "ISZERO", "Value": "0x15"}, {"Description": "Bitwise AND operation.", "Gas Used": "3", "Mnemonic": "AND", "Value": "0x16"}, {"Description": "Bitwise OR operation", "Gas Used": "3", "Mnemonic": "OR", "Value": "0x17"}, {"Description": "Bitwise XOR operation.", "Gas Used": "3", "Mnemonic": "XOR", "Value": "0x18"}, {"Description": "Bitwise NOT operation.", "Gas Used": "3", "Mnemonic": "NOT", "Value": "0x19"}, {"Description": "Retrieve single byte from word", "Gas Used": "3", "Mnemonic": "BYTE", "Value": "0x1a"}, {"Description": "Compute Keccak-256 hash.", "Gas Used": "30 + 6 * (size of input in words)", "Mnemonic": "SHA3", "Value": "0x20"}, {"Description": "Get address of currently executing account.", "Gas Used": "2", "Mnemonic": "ADDRESS", "Value": "0x30"}, {"Description": "Get balance of the given account.", "Gas Used": "400", "Mnemonic": "BALANCE", "Value": "0x31"}, {"Description": "Get execution origination address.", "Gas Used": "2", "Mnemonic": "ORIGIN", "Value": "0x32"}, {"Description": "Get caller address.", "Gas Used": "2", "Mnemonic": "CALLER", "Value": "0x33"}, {"Description": "Get deposited value by the instruction/transaction responsible for this execution.", "Gas Used": "2", "Mnemonic": "CALLVALUE", "Value": "0x34"}, {"Description": "Get input data of current environment.", "Gas Used": "3", "Mnemonic": "CALLDATALOAD", "Value": "0x35"}, {"Description": "Get size of input data in current environment.", "Gas Used": "2", "Mnemonic": "CALLDATASIZE", "Value": "0x36"}, {"Description": "Copy input data in current environment to memory.", "Gas Used": "2 + 3 * (number of words copied, rounded up)", "Mnemonic": "CALLDATACOPY", "Value": "0x37"}, {"Description": "Get size of code running in current environment.", "Gas Used": "2", "Mnemonic": "CODESIZE", "Value": "0x38"}, {"Description": "Copy code running in current environment to memory.", "Gas Used": "2 + 3 * (number of words copied, rounded up)", "Mnemonic": "CODECOPY", "Value": "0x39"}, {"Description": "Get price of gas in current environment.", "Gas Used": "2", "Mnemonic": "GASPRICE", "Value": "0x3a"}, {"Description": "Get size of an account\u2019s code.", "Gas Used": "700", "Mnemonic": "EXTCODESIZE", "Value": "0x3b"}, {"Description": "Copy an account\u2019s code to memory.", "Gas Used": "700 + 3 * (number of words copied, rounded up)", "Mnemonic": "EXTCODECOPY", "Value": "0x3c"}, {"Description": "Get the hash of one of the 256 most recent complete blocks.", "Gas Used": "20", "Mnemonic": "BLOCKHASH", "Value": "0x40"}, {"Description": "Get the block\u2019s beneficiary address.", "Gas Used": "2", "Mnemonic": "COINBASE", "Value": "0x41"}, {"Description": "Get the block\u2019s timestamp.", "Gas Used": "2", "Mnemonic": "TIMESTAMP", "Value": "0x42"}, {"Description": "Get the block\u2019s number.", "Gas Used": "2", "Mnemonic": "NUMBER", "Value": "0x43"}, {"Description": "Get the block\u2019s difficulty.", "Gas Used": "2", "Mnemonic": "DIFFICULTY", "Value": "0x44"}, {"Description": "Get the block\u2019s gas limit.", "Gas Used": "2", "Mnemonic": "GASLIMIT", "Value": "0x45"}, {"Description": "Remove item from stack.", "Gas Used": "2", "Mnemonic": "POP", "Value": "0x50"}, {"Description": "Load word from memory.", "Gas Used": "3", "Mnemonic": "MLOAD", "Value": "0x51"}, {"Description": "Save word to memory", "Gas Used": "3", "Mnemonic": "MSTORE", "Value": "0x52"}, {"Description": "Save byte to memory.", "Gas Used": "3", "Mnemonic": "MSTORE8", "Value": "0x53"}, {"Description": "Load word from storage", "Gas Used": "200", "Mnemonic": "SLOAD", "Value": "0x54"}, {"Description": "Save word to storage.", "Gas Used": "((value != 0) && (storage_location == 0)) ? 20000 : 5000", "Mnemonic": "SSTORE", "Value": "0x55"}, {"Description": "Alter the program counter", "Gas Used": "8", "Mnemonic": "JUMP", "Value": "0x56"}, {"Description": "Conditionally alter the program counter.", "Gas Used": "10", "Mnemonic": "JUMPI", "Value": "0x57"}, {"Description": "Get the value of the program counter prior to the increment corresponding to this instruction.", "Gas Used": "2", "Mnemonic": "PC", "Value": "0x58"}, {"Description": "Get the size of active memory in bytes.", "Gas Used": "2", "Mnemonic": "MSIZE", "Value": "0x59"}, {"Description": "Get the amount of available gas, including the corresponding reduction for the cost of this instruction.", "Gas Used": "2", "Mnemonic": "GAS", "Value": "0x5a"}, {"Description": "Mark a valid destination for jumps", "Gas Used": "1", "Mnemonic": "JUMPDEST", "Value": "0x5b"}, {"Description": "Place * byte item on stack. 0 < * <= 32", "Gas Used": "3", "Mnemonic": "PUSH*", "Value": "0x60 -- 0x7f"}, {"Description": "Duplicate *th stack item. 0 < * <= 16", "Gas Used": "3", "Mnemonic": "DUP*", "Value": "0x80 -- 0x8f"}, {"Description": "Exchange 1st and (* + 1)th stack items.", "Gas Used": "3", "Mnemonic": "SWAP*", "Value": "0x90 -- 0x9f"}, {"Description": "Append log record with no topics.", "Gas Used": "375 + 8 * (number of bytes in log data)", "Mnemonic": "LOG0", "Value": "0xa0"}, {"Description": "Append log record with one topic.", "Gas Used": "375 + 8 * (number of bytes in log data) + 375", "Mnemonic": "LOG1", "Value": "0xa1"}, {"Description": "Append log record with two topics.", "Gas Used": "375 + 8 * (number of bytes in log data) + 2 * 375", "Mnemonic": "LOG2", "Value": "0xa2"}, {"Description": "Append log record with three topics.", "Gas Used": "375 + 8 * (number of bytes in log data) + 3 * 375", "Mnemonic": "LOG3", "Value": "0xa3"}, {"Description": "Append log record with four topics.", "Gas Used": "375 + 8 * (number of bytes in log data) + 4 * 375", "Mnemonic": "LOG4", "Value": "0xa4"}, {"Description": "Create a new account with associated code.", "Gas Used": "32000", "Mnemonic": "CREATE", "Value": "0xf0"}, {"Description": "Message-call into an account.", "Gas Used": "Complex -- see yellow paper  Appendix H", "Mnemonic": "CALL", "Value": "0xf1"}, {"Description": "Message-call into this account with an alternative account\u2019s code.", "Gas Used": "Complex -- see yellow paper  Appendix H", "Mnemonic": "CALLCODE", "Value": "0xf2"}, {"Description": "Halt execution returning output data.", "Gas Used": "0", "Mnemonic": "RETURN", "Value": "0xf3"}, {"Description": "Message-call into this account with an alternative account\u2019s code, but persisting the current values for sender and value.", "Gas Used": "Complex -- see yellow paper  Appendix H", "Mnemonic": "DELEGATECALL", "Value": "0xf4"}, {"Description": "Designated invalid instruction.", "Gas Used": "NA", "Mnemonic": "INVALID", "Value": "0xfe"}, {"Description": "Halt execution and register account for later deletion", "Gas Used": "5000 + ((create_new_account) ? 25000 : 0)", "Mnemonic": "SELFDESTRUCT", "Value": "0xff"}]