{
  "symbol":"bch",
  "name":"Bitcoin Cash - MAINTENANCE",
  "module":"quartz",
  "mode":"bitcoinjslib.bitcoincash",
  "addressRegex":"^[a-zA-Z0-9]{34}$",
  "factor":8,
  "fee":0.00001,
  "host":["tcp://electrum3.cipig.net:10051","tcp://electrum2.cipig.net:10051","tcp://electrum1.cipig.net:10051"],
  "cache":60000,
  "throttle":10,
  "import":"electrum-tcp",
  "quartz": {
    "push": [
      "stop(1,'Transaction cannot be done. Coin under maintenance.')"
    ],
   "sample" : [
      "stop(0,{address:'1J3St3rp3hVsuLGhegbLWicyPL3NRD3YJ7',transaction:'631713712b306a21ba9e8feb1b44ebc1e08128026bc8e3a0e4de1b8af48719c6'})"
    ]
  }
}
