{
  "symbol":"ubq",
  "name":"Ubiq",
  "module":"ethereum",
  "import":"eth-api",
  "mode":"ethereum.main",
  "fee":0.00005,
  "factor":18,
  "host":["https://pyrus2.ubiqscan.io/","https://pyrus1.ubiqscan.io/"],
  "contract":"0x0000000000000000000000000000000000000000",
  "cache":15000,
  "timeout":30000,
  "throttle":1,
  "cron":300,
  "quartz" : {
    "sample":[
      "done {address:'0xbb1e3c386a01826bbae330870b96870d2b571d12',transaction:'0xa0cb3baf5105be78e4f52218f371592cd64cd154cdf75ac5eaeb114ff6da7a15'}"
    ],
    "test":[
      "done {hash:64DABF6B}"
    ],
    "transaction":[
      "curl 'https://v3.ubiqscan.io' '/transaction/$1' GET",
      "with txMinusGas [math,'${.value}-${.gasUsed}'] [atom]",
      "with txGasUsed [data,'${.gasUsed}'] [atom]",
      "tran {amount:'$txMinusGas',timestamp:.timestamp,id:'$1',source:.from,target:.to,fee:'$txGasUsed', symbol:'$symbol',fee-symbol:'$symbol',confirmed:true} @success @fail",
      "@fail",
      "fail 'No result!'",
      "@success",
      "done"
    ],
    "subhistory" : [
      "data ${.value}",
      "tran '.hash' @success @fail",
      "@fail",
      "fail 'No result!'",
      "@success",
      "pass",
      "done"
    ],
    "history" : [
      "poke count $2 5",
      "poke offset $3 0",
      "data $1",
      "curl 'https://v3.ubiqscan.io' '/latestaccounttxns/$1' GET",
      "tran '.txns' @nxt @fail",
      "@nxt",
      "sort ['.timestamp','num','desc']",
      "each 'subhistory'",
      "take $offset $count",
      "done",
      "@fail",
      "fail 'Could not retrieve history'"
    ]
  }
}
