{
  "symbol":"ardr",
  "name":"ARDOR",
  "mode":"ardor.main",
  "addressRegex":"^ARDOR(-[A-HJ-N-P-Z2-9]{4}){4}[A-HJ-N-P-Z2-9]$",
  "factor":8,
  "fee":2,
  "fee-symbol":"ardr",
  "host":["https://ardor.tools/ardor/nxt"],
  "cache":15000,
  "throttle":5,
  "genesisBlockTime":1385294400,
  "chain":1,
  "import":"nrs-api",
  "quartz":{
    "validate": [
      "done valid"
    ],
    "sample" : [
      "done {address:'ARDOR-4ZYF-VT4W-9R9F-ED96T',transaction:'e19f122712cc0c7f86d5e227fc37996fb3dd3f332c9e9cd8be9a899b8baa57e7',publicKey:'bf9d64d9abf5b844e819aae24ef9290ae2ffa62ae322754b9c6ee21571a1474f'}"
    ],
    "test" :[
      "done {hash:dynamic}"
    ]
  }
}
