{
  "symbol":"dash",
  "name":"Dash",
  "module":"quartz",
  "mode":"dash.livenet",
  "factor":8,
  "fee":0.0005,
  "host":["tcp://dash-1.indexer.coinomi.net:5013","tcp://electrum2.cipig.net:10061","tcp://dash-2.indexer.coinomi.net:5013","tcp://electrum1.cipig.net:10061"],
  "cache":180000,
  "throttle":10,
  "import":"electrum-tcp",
  "quartz":{
    "sample" : [
      "done {address:'XuQ7auRqt5aqRsB881AEYjWd4pBuTXgYfR',transaction:'9af1af8ab18b70a4487ee9ec74e4ce0be83e3dd32f2558a416f348d37a1f5d62'}"
    ]
  }
}
