{
  "symbol": "xlm",
  "name": "Stellar",
  "info":"<p>Stellar is an open-source, decentralized protocol for digital currency to fiatcurrency transfers which allows cross-border transactions between any pair of currencies. The Stellar protocol is supported by a nonprofit, the Stellar Development Foundation.</p><a href=\"https://en.wikipedia.org/wiki/Stellar_(payment_network)\">https://en.wikipedia.org/wiki/Stellar_(payment_network)</a>",
  "description": "The Stellar project, https://www.stellar.org/. Please note that in order to use an account properly, it has to be funded with 1 XLM or more. If this requirement is not met, a 404 Not Found error is returned by the API when operating the account.",
  "module": "quartz",
  "mode": "stellar",
  "factor": 7,
  "fee": 0.001,
  "host": "https://horizon.stellar.org",
  "rejectUnauthorized": false,
  "cache": 15000,
  "throttle": 3,
  "contract": "native",
  "api-rate-info":{
    "url": "https://www.stellar.org/developers/horizon/reference/errors/rate-limit-exceeded.html",
    "rate-limit":"3600 per hour"
  },
  "quartz": {
    "init": [
      "done"
    ],
    "factor": [
      "pass('$factor')"
    ],
    "balance": [
      "curl('$host','/accounts/$1','GET')",
      "tran('.balances',@getBalance,1)",
      "tran .title 2 1",
      "fail",
      "flow 'Resource Missing' 1 -2",
      "data 0",
      "jump @done",
      "@getBalance",
      "find({'asset_type':'$contract'})",
      "tran('[0].balance',@done,1)",
      "@done"
    ],
    "fee": [
      "data('$fee')"
    ],
    "push": [
      "data '$1'",
      "repl '*' '/'",
      "data encodeURIComponent('$')",
      "curl('$host','/transactions?tx=$','POST', {})",
      "done"
    ],
    "contract": [
      "done '$contract'"
    ],
    "unspent": [
      "curl('$host','/accounts/$1','GET')",
      "tran('.sequence',2,1)",
      "fail",
      "done"
    ],
    "history": [
      "#TODO offset and limit https://horizon.stellar.org/accounts/{account_id}/transactions{?cursor,limit",
      "curl('$host','/accounts/$1/transactions','GET')",
      "tran ._embedded.records[].id 1 2",
      "done"
    ],
    "test":[
      "done {unspent:'998719879287873', hash:'0555065F'}"
    ],
    "transaction": [
      "curl('$host','/transactions/$1','GET')",
      "#TODO transform",
      "done"
    ],
    "sample": [
      "pass({address:'GCUBGHIGXAJBPEBSX5IWUK2HNQPFXPNXEN6YJI7YNLTFU3VBYOEBLMT3',transaction:'82887675c952e0c24f1cfa191e5b03fd624d89988466c38ff30ed138ffd49b0e',publicKey:'GCUBGHIGXAJBPEBSX5IWUK2HNQPFXPNXEN6YJI7YNLTFU3VBYOEBLMT3'})"
    ]
  }
}
