{
  "symbol":"dgb",
  "name":"digibyte",
  "module":"quartz",
  "import":"electrum-tcp",
  "mode":"digibyte",
  "factor":8,
  "fee":0.001,
  "host":["tcp://electrum3.cipig.net:10059","tcp://electrum2.cipig.net:10059","tcp://electrum1.cipig.net:10059"],
  "explorer":"https://chainz.cryptoid.info/dgb",
  "cache":20000,
  "throttle":0.1,
  "quartz":{
    "sample" : [
      "done {address:'DPNzy1GqPpoAspPkTbg65QUUxuEcBfN2MK',transaction:'0e345b1e94806150be838a7f0ce14e26702cedfc17871831391b8a89ed601f29'}"
    ],
    "test":[
      "done {hash:dynamic}"
    ]
  }
}
