{
  "symbol":"lsk",
  "name":"Lisk",
  "module":"quartz",
  "mode":"lisk.lisk",
  "addressRegex":"^\\d{19,20}L$",
  "factor":8,
  "fee":0.1,
  "fee-symbol":"lsk",
  "contract":null,
  "host":["https://hub21.lisk.io","https://hub22.lisk.io","https://hub23.lisk.io","https://hub24.lisk.io","https://hub25.lisk.io","https://hub26.lisk.io","https://hub27.lisk.io","https://hub28.lisk.io","https://hub31.lisk.io","https://hub32.lisk.io","https://hub33.lisk.io","https://hub34.lisk.io","https://hub35.lisk.io","https://hub36.lisk.io","https://hub37.lisk.io","https://hub38.lisk.io"],
  "cache":15000,
  "throttle":5,
  "genesisBlockTime":1464116400,
  "quartz":{
    "balance" : [
      "curl asset://$symbol /api/accounts?address=$1&limit=1&offset=0&sort=balance:asc GET {Accept:'application/json','Content-Type':'application/json'}",
      "tran '.data[0].unconfirmedBalance' @nonzero",
      "data 0",
      "jump @done",
      "@nonzero",
      "atom",
      "@done"
    ],
    "push" : [
      "data '$1'",
      "curl asset://$symbol /api/transactions POST {Accept:'application/json','Content-Type':'application/json', Accept: 'application/json'}",
      "done"
    ],
    "history" : [
      "curl asset://$symbol /api/transactions?recipientId=$1 GET {Accept:'application/json','Content-Type':'application/json'}",
      "tran .data 2 1",
      "fail 'Cannot get transaction history!'",
      "sort ['.height',num,desc]",
      "tran '[].id'"
    ],
    "transactionData" : [
      "curl asset://$symbol /api/transactions?id=$1&limit=1&offset=0 GET {Accept:'application/json','Content-Type':'application/json'}",
      "tran .data 2 1",
      "fail 'Cannot get transaction data!'",
      "pick"
    ],
    "transaction" : [
      "call transactionData/$1",
      "with reformatTimestamp [data,${.timestamp}] [math,'+$genesisBlockTime']",
      "with reformatFee [data,'${.fee}'] [atom]",
      "with reformatAmount [data,'${.amount}'] [atom]",
      "tran { id:'.id', timestamp:'$reformatTimestamp', amount:'$reformatAmount', symbol:'$symbol', fee:'$reformatFee', 'fee-symbol':'${fee-symbol}', source:'.senderId', target:'.recipientId', confirmed:'.confirmations' } 2 1",      
      "fail 'Cannot get transaction data!'"
    ],
    "attachment" : [
      "call transactionData/$1",
      "tran .asset 2 1",
      "data null",
      "done"
    ],
    "message" : [
      "call attachment/$1",
      "tran .data 2 1",
      "done ''",
      "done"
    ],
    "sample" : [
      "done {address:'5920921428156130553L',transaction:'7756785777154630495'}"
    ],
    "test":[
      "done {hash:dynamic,time:1556105965842}"
    ]
  }
}
