{
  "symbol":"waves",
  "name":"Waves",
  "module":"quartz",
  "mode":"waves",
  "addressRegex":"3[A-Za-z0-9]{34}$",
  "factor":8,
  "fee":0.001,
  "fee-symbol":"waves",
  "host": ["https://nodes.wavesplatform.com","https://nodes.wavesnodes.com"],
  "rejectUnauthorized":false,
  "cache":15000,
  "throttle":3,
  "contract":null,
  "block-explorer-host": "https://nodes.wavesplatform.com",
  "quartz":{
    "balance" : [
      "data '$contract'",
      "flow 'null' 1 3",
      "curl asset://$symbol /addresses/balance/details/$1 GET",
      "tran '.regular' 4 3",
      "curl asset://$symbol /assets/balance/$1/$contract GET",
      "tran '.balance' 2 1",
      "fail 'No result!'",
      "atom"
    ],
    "push" : [
      "data '$1'",
      "jpar",
      "curl asset://$symbol /transactions/broadcast POST {'Accept':'application/json','content-type':'application/json'}",
      "tran '.error' 1 2",
      "fail '${.message}'",
      "tran '.id' 2 1",
      "fail 'Transaction failed! $'",
      "done"
    ],
    "history" : [
      "with amount math $count+$offset",
      "curl asset://$symbol /transactions/address/$1/limit/$amount GET",
      "pick",
      "sort ['.height',num,desc]",
      "tran '[].id'"
    ],
    "transactionData" : [
      "curl asset://$symbol /transactions/info/$1 GET",
      "done"
    ],
    "transaction" : [
      "call transactionData/$1",
      "poke reformatObj",
      "tran '.id' 2 1",
      "fail 'No transaction data found!'",
      "with reformatTimestamp [data,$reformatObj] [tran,'.timestamp'] [math,'/1000 .round']",
      "with reformatFee [data,$reformatObj] [tran,'.fee'] [atom]",
      "with reformatAmount [data,$reformatObj] [tran,'.transfers[].amount',2,1] [done,0] [math,'+'] [atom]",
      "with reformatSymbol [data,$reformatObj] [tran,'.assetId',2,1] [data,'$symbol'] [done]",
      "with reformatRecipient [data,$reformatObj] [tran,'.recipient',3,1] [tran,'.transfers[0].recipient',2,1] [done,'undefined'] [done]",
      "peek reformatObj",
      "tran { id:'.id', timestamp:'$reformatTimestamp', amount:'$reformatAmount', symbol:'$reformatSymbol', fee:'$reformatFee', 'fee-symbol':'${fee-symbol}', source:'.sender', target:'$reformatRecipient', confirmed:true } 2 1",
      "fail 'Cannot get transaction data!'"
    ],
    "attachment" : [
      "call transactionData/$1",
      "tran '.attachment'",
      "done"
    ],
    "message" : [
      "call attachment/$1",
      "code base58 utf8",
      "done"
    ],
    "sample" : [
      "done {address:'3PBUkL5rphESXxq1yJzW2erVzTTKAXXeCUo',transaction:'Du5uMXjTc4YA4C3bY7WcDLvq4UPgBwuVGGDWaQsfvpuU'}"
    ],
    "test":[
      "done {hash:dynamic,time:1536917842558}"
    ]
  }
}
