{
  "symbol":"btc",
  "name":"Bitcoin",
  "info":"<p>Bitcoin (₿) is a form of electronic cash. It is a decentralized digital currency without a central bank or single administrator that can be sent from user to user on the peer-to-peer bitcoin network without the need for intermediaries.</p>  <p>Transactions are verified by network nodes through cryptography and recorded in a public distributed ledger called a blockchain. Bitcoin was invented by an unknown person or group of people using the name Satoshi Nakamoto and was released as open-source software in 2009. Bitcoins are created as a reward for a process known as mining. They can be exchanged for other currencies, products, and services. Research produced by University of Cambridge estimates that in 2017, there were 2.9 to 5.8 million unique users using a cryptocurrency wallet, most of them using bitcoin.</p> <a href=\"https://en.wikipedia.org/wiki/Bitcoin\">https://en.wikipedia.org/wiki/Bitcoin</a>",
  "module":"quartz",
  "mode":"bitcoinjslib.bitcoin",
  "factor":8,
  "fee":0.000025,
  "feePerByte":0.0000002,
  "host":["https://insight.bitpay.com/api"],
  "cache":60000,
  "throttle":10,
  "import":"insight",
  "quartz":{
    "sample" : [
      "done {address:'13JQwoSLLR3ffXwswe2HCTK9oq4i8MWK3q',transaction:'b4132e9dcaf7899baf66bc86ad065def10e5df8b4bc13f93bf778c22d14ba5cd'}"
    ],
    "test":[
      "done {hash:'6BE4186F',unspent:{'unspents':[{'script':'76a91493b4fa1cbfc9b379bee71ef2c9112d3bab6c9d688ac','amount':'1010','txid':'8169bee7dda515a24912023485497cb100ad4730b58d8be0bb963acd91b29c1f','txn':0}],'change':'0'}}"
    ]
  }
}
