{
  "symbol":"ubq",
  "name":"Ubiq",
  "module":"ethereum",
  "import":"eth",
  "mode":"ethereum.main",
  "fee":0.00005,
  "factor":18,
  "host":["https://pyrus2.ubiqscan.io/","https://pyrus1.ubiqscan.io/"],
  "contract":"0x0000000000000000000000000000000000000000",
  "cache":15000,
  "timeout":30000,
  "throttle":1,
  "cron":300,
  "quartz" : {
    "sample":[
      "done {address:'0xbb1e3c386a01826bbae330870b96870d2b571d12',transaction:'0xa0cb3baf5105be78e4f52218f371592cd64cd154cdf75ac5eaeb114ff6da7a15'}"
    ],
    "test":[
      "done {hash:1AE0522E}"
    ]
  }
}
