{
  "symbol":"ark",
  "name":"Ark",
  "module":"quartz",
  "mode":"ark",
  "import":"rise",
  "addressRegex":"^A\\w{33}$",
  "factor":8,
  "fee":0.1,
  "fee-symbol":"ark",
  "contract":null,
  "host":["https://node1.arknet.cloud"],
  "cache":15000,
  "throttle":5,
  "version":"0.9.9",
  "quartz":{
    "sample" : [
      "done {address:'AQYZJ6Mkv4DhnXhrXdxXwNKRKGvgrkhnRF',transaction:'f70e8f32e8a16c1dd1a0e97fa4075f96d8e8e16065d1a4406851252832d8e608'}"
    ],
    "test":[
      "done {hash:dynamic}"
    ]
  }
}
