{
  "symbol":"eth",
  "name":"Ethereum",
  "info":"<p>Ethereum is an open-source, public, blockchain-based distributed computing platform and operating system featuring smart contract (scripting) functionality. It supports a modified version of Nakamoto consensus via transaction-based state transitions.</p> <p>Ether is a token whose blockchain is generated by the Ethereum platform. Ether can be transferred between accounts and used to compensate participant mining nodes for computations performed. Ethereum provides a decentralized virtual machine, the Ethereum Virtual Machine (EVM), which can execute scripts using an international network of public nodes. The virtual machine's instruction set, in contrast to others like Bitcoin Script, is thought to be Turing-complete. \"Gas\", an internal transaction pricing mechanism, is used to mitigate spam and allocate resources on the network.</p><a href=\"https://en.wikipedia.org/wiki/Ethereum\">https://en.wikipedia.org/wiki/Ethereum</a>",
  "module":"ethereum",
  "import":"eth-api",
  "mode":"ethereum.main",
  "fee":"0.0005",
  "feeTokenTx":"0.005",
  "gasprice":"0.00000003",
  "gasPerByte":625,
  "gasPerNativeTx":21000,
  "gasPerAvgERC20Tx":105000,
  "factor":18,
  "host":["https://mainnet.infura.io/mew","https://api.myetherwallet.com/eth"],
  "cron":300,
  "quartz":{
    "sample":[
      "done {address:'0x896a0b2b259d62fd27aeab05c81bb1897ecf767b',transaction:'0x5496d381d8b2c6ae028c69f90a643f1c453bbfd0381df9d0af0e20b09a04dadd'}"
    ],
    "test" : [
      "done {hash:dynamic}"
    ]
  }
}
