{
  "symbol":"omni",
  "name":"Omni",
  "module":"quartz",
  "mode":"bitcoinjslib.omni",
  "factor":8,
  "feeOmniTX":0.00000546,
  "fee-symbol":"btc",
  "keygen-base":"btc",
  "contract":"1",
  "host":"https://api.omniexplorer.info",
  "timeout":60000,
  "cache":180000,
  "throttle":0.1,
  "api-rate-info":{
    "url": "https://api.omniexplorer.info",
    "rate-limit":"wait time of 5-10 seconds between repeat calls"
  },
  "quartz":{
    "unspent" : [
      "rout '/asset/${keygen-base}/fee'",
      "math '+$feeOmniTX'",
      "rout '/asset/${keygen-base}/unspent/$1/$'",
      "done"
    ],
    "balance" : [
      "time $timeout",
      "data 'addr=$1'",
      "curl asset://$symbol /v2/address/addr POST {'content-type':'application/x-www-form-urlencoded'} {timeout:$timeout}",
      "tran '.$1.balance' 2 1",
      "fail 'No result!'",
      "find {'id':'$contract'} 1 2",
      "tran {value:'[0].value',in:'[0].pendingpos',out:'[0].pendingneg'} 2 1",
      "data {value:'0',in:'0',out:'0'}",
      "math '${.value}+${.in}+${.out}'",
      "atom"
    ],
    "push" : [
      "rout '/asset/$keygen-base/push/$1'",
      "done"
    ],
    "factor" : [
      "data '$factor'"
    ],
    "history" : [
      "rout '/asset/$keygen-base/history/$1/$2/$3'",
      "done"
    ],
    "transactionData" : [
      "data '$1'",
      "curl 'asset://$symbol' '/v1/transaction/tx/$1' GET {'content-type':'application/x-www-form-urlencoded'} {timeout:$timeout} 2 1",
      "fail 'Error retrieving data!'",
      "have '.txid' 2 1",
      "fail 'Transaction does not exist!'"
    ],
    "transaction" : [
      "call 'transactionData/$1'",
      "tran {id:'.txid',fee:'.fee',timestamp:'.blocktime',height:'.block',symbol:'$symbol','fee-symbol':'$fee-symbol',amount:'.amount',source:'=.sendingaddress|unknown',target:'=.referenceaddress|unknown',confirmed:true} 2 1",
      "fail 'Cannot interpret transaction!'"
    ],
    "contract" : [
      "done '$contract'"
    ],
    "fee" : [
      "rout '/asset/btc/fee'",
      "math '+$feeOmniTX'"
    ],
    "sample" : [
      "done {address:'18XvhJmfciiE9khPisavJ2UdC5ybG94tYk',transaction:'1989dc575f94dcb45485b78b1b762e13a3a6d2eb59422b6217c93218a54ff80b'}"
    ],
    "test":[
      "done {hash:56B04220,unspent:{'unspents':[{'script':'76a91493b4fa1cbfc9b379bee71ef2c9112d3bab6c9d688ac','amount':'1010','txid':'8169bee7dda515a24912023485497cb100ad4730b58d8be0bb963acd91b29c1f','txn':0}],'change':'0'}}"
    ]
  }
}
