{
  "symbol":"ltc",
  "name":"Litecoin",
  "info":"<p>Litecoin (LTC or &#321;) is a peer-to-peer cryptocurrency and open-source software project released under the MIT/X11 license. Creation and transfer of coins is based on an open source cryptographic protocol and is not managed by any central authority.[citation needed] Litecoin was an early bitcoin spinoff or altcoin, starting in October 2011. In technical details, litecoin is nearly identical to Bitcoin.</p><a href=\"https://en.wikipedia.org/wiki/Litecoin\">https://en.wikipedia.org/wiki/Litecoin</a>", 
  "module":"quartz",
  "import":"electrum-tcp",
  "mode":"bitcoinjslib.litecoin",
  "factor":8,
  "fee":0.0001,
  "host":["tcp://ltc-cce-1.coinomi.net:5002","tcp://ltc-cce-2.coinomi.net:5002"],
  "cache":45000,
  "throttle":10,
  "quartz":{
    "sample" : [
      "done {address:'LSwwP4cWwRjrxq2s8VuEUTdiVukUYp9qxo',transaction:'ac0e30b1fcddcd4853f16a1a3530acb49b7fb26e7a54df62c51a8da4261de88f'}"
    ],
    "test":[
      "done {hash:dynamic}"
    ]
  }
}
