{
  "symbol":"etc",
  "name":"Ethereum Classic",
  "module":"ethereum",
  "import":"eth",
  "mode":"ethereum.main",
  "fee":0.00005,
  "factor":18,
  "host":["https://etc-geth.0xinfra.com","https://etc-parity.0xinfra.com","https://ethereumclassic.network","https://web3.gastracker.io"],
  "contract":"0x0000000000000000000000000000000000000000",
  "cache":15000,
  "timeout":30000,
  "throttle":1,
  "cron":300,
  "quartz" : {
    "sample":[
      "done {address:'0x7D1DBF5bd052f473C525C53097598F656B96E6B0',transaction:'0x59c8e36e6e4e9a8697419ad66f245dc21970b9e69efe3898ddd4435b821a43aa'}"
    ],
    "test":[
      "done {hash:dynamic}"
    ]
  }
}
