{
  "symbol":"bch",
  "name":"Bitcoin Cash",
  "info":"<p>In mid-2017, a group of developers wanting to increase bitcoin's block size limit prepared a code change. The change, called a hard fork, took effect on 1 August 2017. As a result, the bitcoin ledger called the blockchain and the cryptocurrency split in two.At the time of the fork anyone owning bitcoin was also in possession of the same number of Bitcoin Cash units. The technical difference between Bitcoin Cash and bitcoin is that Bitcoin Cash allows larger blocks in its blockchain than bitcoin, which in theory allows it to process more transactions per second.</p><a href=\"https://en.wikipedia.org/wiki/Bitcoin_Cash\">https://en.wikipedia.org/wiki/Bitcoin_Cash</a>",
  "module":"quartz",
  "mode":"bitcoin_cash",
  "factor":8,
  "fee":0.00001,
  "host": ["https://bch.blockdozer.com/api","https://bch-insight.bitpay.com/api" ],
  "cache":60000,
  "throttle":1,
  "import":"insight",
  "quartz":{
    "validate" : [
      "data '$1'",
      "regx '^bitcoincash:|1' @success @fail",
      "@success",
      "done 'valid'",
      "@fail",
      "done 'invalid'"
    ],
    "sample" : [
      "done {address:'1F1tAaz5x1HUXrCNLbtMDqcw6o5GNn4xqX',transaction:'1dbc4abe22519f003fe471ad5faf740a2ad99ce4b067ae4bd44f8ffc761dab20'}"
    ],
    "cron" : [
      "#blockdozer insight implementation is faulty: estimatefee with the nblocks argument is no longer supported Please call estimatefee with no arguments instead.",
      "done"
    ],
    "fee":[
      "data $fee",
      "form",
      "done"
     ]
  }
}
