{
  "symbol":"doge",
  "name":"Dogecoin",
  "module":"quartz",
  "mode":"bitcoinjslib.dogecoin",
  "factor":8,
  "fee":5,
  "host":["tcp://doge-2.indexer.coinomi.net:5003","tcp://electrum2.cipig.net:10060","tcp://doge-1.indexer.coinomi.net:5003","tcp://electrum1.cipig.net:10060"],
  "cache":30000,
  "throttle":10,
  "import":"electrum-tcp",
  "quartz":{
    "sample" : [
      "done {address:'DRhyT81insMNXC4W9E2FtbHGNfLichnUzy',transaction:'eb59f547a4755c3d858561cd048527d7f4fdc34397492de6550e51b018765b28'}"
    ]
  }
}
