{
  "symbol":"bch",
  "name":"Bitcoin Cash",
  "module":"quartz",
  "mode":"bitcoin_cash",
  "factor":8,
  "fee":0.00001,
  "host": ["https://bch.blockdozer.com/api"],
  "cache":60000,
  "throttle":1,
  "import":"insight",
  "quartz":{
    "validate" : [
      "data '$1'",
      "regx '^bitcoincash:|1' @success @fail",
      "@success",
      "done 'valid'",
      "@fail",
      "done 'invalid'"
    ],
    "sample" : [
      "done {address:'1F1tAaz5x1HUXrCNLbtMDqcw6o5GNn4xqX',transaction:'1dbc4abe22519f003fe471ad5faf740a2ad99ce4b067ae4bd44f8ffc761dab20'}"
    ]
  }
}
