{
  "symbol":"dummy",
  "name":"Dummycoin (test coin for Internet of Coins)",
  "module":"quartz",
  "mode":"dummycoin",
  "addressRegex":"^_dummyaddress_$",
  "factor":8,
  "fee":0.15,
  "host":"none",
  "cache":10000,
  "throttle":10,
  "quartz":{
    "unspent" : [
      "data '$1'",
      "flow('_dummyaddress_',2,1)",
      "stop(1,'Error: invalid address!')",
      "pass([{amount:'$3',txid:'TXIDTXIDTXIDTXIDTXIDTXIDTXID',txn:1}])"
    ],
    "balance" : [
      "data '$1'",
      "flow('_dummyaddress_',2,1)",
      "stop(1,'Error: invalid address!')",
      "pass('10000.00000000')"
    ],
    "push" : [
      "wait(3000)",
      "stop(0,'TXIDTXIDTXIDTXIDTXIDTXIDTXID')"
    ],
    "test": [
      "done {hash:'2698591A'}"
    ],
    "factor" : [
      "pass('$factor')"
    ],
    "sample" : [
      "stop(0,{address:'_dummyaddress_',transaction:'TXIDTXIDTXIDTXIDTXIDTXIDTXID'})"
    ],
    "transaction" : [
      "data '$1'",
      "flow 'TXIDTXIDTXIDTXIDTXIDTXIDTXID' 1 3",
      "data {id:'TXIDTXIDTXIDTXIDTXIDTXIDTXID',timestamp:123456789,amount:10, fee:10, source:'_dummyaddress_',target:'_dummyaddress_', symbol:'$symbol','fee-symbol':'$symbol',confirmed:1}",
      "jump @done",
      "fail 'Illegal transaction id.'",
      "@done"
    ],
    "history" : [
      "data '$1'",
      "flow('_dummyaddress_',2,1)",
      "stop(1,'Error: invalid address!')",
      "stop(0,[])"
    ],
    "contract" : [
      "pass('dummy_contract')"
    ],
    "fee" : [
      "pass('$fee')"
    ]
  }
}
