{
  "symbol":"exp",
  "name":"Expanse",
  "module":"ethereum",
  "import":"eth",
  "mode":"ethereum.main",
  "fee":0.00025,
  "factor":18,
  "host":["https://node.expanse.tech"],
  "contract":"0x0000000000000000000000000000000000000000",
  "cache":15000,
  "timeout":30000,
  "throttle":1,
  "cron":300,
  "quartz" : {
    "sample":[
      "done {address:'0x6dbfe39370adc9e0f284ed4fd8025342e99d21d6',transaction:'0x0806279052d792ef077bfa593af5f7e06fe5c4cf9810d82f83b53f38758fd9fe'}"
    ],
    "test":[
      "done {hash:2A111275}"
    ]
  }
}
