{
  "engine":"insight",
  "name":"Insight HTTP(S) engine",
  "module":"quartz",
  "cache":1000,
  "throttle":1,
  "timeout":24000,
  "longTimeout":60000,
  "shortTimeout":15000,
  "confirmsRequired":6,
  "utxo_unspent_prefix":"76a914",
  "utxo_unspent_suffix":"88ac",
  "trimAddrHexL":"2",
  "trimAddrHexR":"8",
  "cron":600,
  "quartz":{
    "balance" : [
      "time $timeout",
      "curl asset://$symbol /addr/$1?noTxList=1 GET {'Content-Type':'application/json'} {timeout:$shortTimeout}",
      "tran {confirmed:'.balance',unconfirmed:'.unconfirmedBalance'} 3 1",
      "data 0",
      "jump 2",
      "math '${.confirmed}+${.unconfirmed}'"
    ],
    "unspent" : [
      "poke inputval '$2'",
      "vars { inputval:'1000000000000' }",
      "with inputval atom 1",
      "time $timeout",
      "curl asset://$symbol /addr/$1/utxo GET {'Content-Type':'application/json'}",
      "each 'unspent_tran'",
      "sort '.amount'",
      "scan 'cnt<($inputval+val.amount)' '+val.amount'",
      "poke 'selected'",
      "tran '[].amount' 2 1",
      "data []",
      "math '+'",
      "with inputval [flow,'100000000000000000000',1,2] [done,'$'] [done]",
      "math '-$inputval'",
      "ship 2 2 1",
      "data 0",
      "done {unspents:$selected,change:'$'}"
    ],
    "unspent_tran" : [
      "data ${.value}",
      "poke unspent",
      "tran '.amount' 3 1",
      "tran '.satoshis' 3 1",
      "data 0",
      "atom 1",
      "poke amount",
      "peek unspent",
      "tran {script:'.scriptPubKey',amount:'$amount',txid:'.txid',txn:'.vout'} 2 1",
      "fail 'Bad input unspents from Insight!'",
      "done"
    ],
    "push" : [
      "time $timeout",
      "data {'rawtx':'$1'}",
      "curl asset://$symbol /tx/send POST {Accept:'application/json, text/plain, */*',Content-Type:'application/json;charset=utf-8',DNT:1,Connection:'keep-alive'} {timeout:$shortTimeout} 1 1",
      "tran '.txid' 1 3",
      "tran '.result' 3 1",
      "fail ${.error}",
      "fail 'Bad transaction result!'",
      "done"
    ],
    "transactionData" : [
      "time $timeout",
      "curl asset://$symbol /tx/$1 GET {'Content-Type': 'application/json'} {} 2 1",
      "fail 'Could not get transaction data!'",
      "have .txid 2 1",
      "fail 'Could not read transaction data!'"
    ],
    "transaction" : [
      "time $timeout",
      "call transactionData/$1",
      "poke txSource",
      "with txSource [tran,'.vout[1].scriptPubKey.addresses[0]',2,1] [data,null] [done]",
      "tran { id:'.txid', timestamp:'.time', height:'.blockheight', amount:'.vout[0].value', symbol:'$symbol', fee:'=.fees|0', 'fee-symbol':'$symbol', source:'$txSource', target:'.vout[0].scriptPubKey.addresses[0]', confirmed:'.confirmations' } 2 @badTx",
      "@badTx",
      "fail 'Cannot interpret transaction data!'"
    ],
    "attachment" : [
      "time $timeout",
      "call transactionData/$1",
      "tran .vout 1 @empty",
      "jstr",
      "splt 'OP_RETURN '",
      "pick 1",
      "splt '\"'",
      "tran '[0]' 2 @empty",
      "@empty",
      "data null",
      "done"
    ],
    "message" : [
      "time $timeout",
      "call attachment/$1",
      "data '$'",
      "flow 'null' 1 2",
      "done ''",
      "code hex utf8",
      "done"
    ],
    "history" : [
      "time $longTimeout",
      "with countTo [data,'$count'] [math,'+$offset']",
      "curl asset://$symbol /addrs/$1/txs?from=$offset&to=$countTo GET {timeout:$timeout} 2 1",
      "jump @returnCache",
      "tran '.items' 1 @returnCache",
      "tran '[].txid' 1 @returnCache"
    ],
    "fee" : [
      "peek local::fee",
      "data '$'",
      "flow 'null' 1 2",
      "data '$fee'"
    ],
    "experimental_A" : [
      "# get latest block hash",
      "curl asset://$symbol /blocks?limit=3 GET {timeout:$timeout}",
      "tran .blocks[].hash 2 1",
      "fail 'Cannot get fee!'",
      "# get at least 10 tx hashes",
      "each experimental_getBlock",
      "jstr",
      "repl '],[' ','",
      "drop 1 1",
      "jpar",
      "done",
      "# for every tx get fee",
      "# calculate median fee",
      "# DIVIDER",
      "peek local::fee",
      "data '$'",
      "flow 'null' 1 2",
      "data '$fee'"
    ],
    "experimental_getBlock" : [
      "data ${.value}",
      "curl asset://$symbol /txs/?block=$ GET {timeout:$timeout}",
      "tran .txs[].txid",
      "done"
    ],
    "sample" : [
      "done {address:'1F1tAaz5x1HUXrCNLbtMDqcw6o5GNn4xqX',transaction:'2c0832c153cf33327dae0e95a3bc39f4b02ae887725a32c07b1be47a2faffc55'}"
    ],
    "cron" : [
      "data '$symbol'",
      "flow 'undefined' 2 1",
      "call 'getFee'",
      "done"
    ],
    "getFee" : [
      "time $timeout",
      "curl asset://$symbol /utils/estimatefee GET {timeout:$timeout}",
      "tran '.2' 1 3",
      "ship 1 2 2 2",
      "poke local::fee",
      "done"
    ]
  }
}
