{
  "engine":"valuations",
  "name":"Querries the valuation of 1 currency in another.",
  "module":"valuations",
  "cron":60,
  "refreshTime":60,
  "sources" : {
    "EUCentralBank" : {
      "notes" : "European central bank for fiat-exchange rates: https://www.ecb.europa.eu/stats/eurofxref/eurofxref-daily.xml",
      "type" : "none",
      "site" : "https://www.ecb.europa.eu/stats/eurofxref/eurofxref-daily.xml"
    },
    "coinmarketcap": {
      "notes" : "coinmarketcap: https://coinmarketcap.com/api/",
      "type" : "json",
      "site" : "https://api.coinmarketcap.com/v2/ticker/"
    },
    "coinbase" : {
      "notes" : "coinbase: https://developers.coinbase.com/api/v2#exchange-rates",
      "type" : "json",
      "site" : "https://api.coinbase.com/v2/exchange-rates"
    },
    "binance" : {
      "notes" : "https://github.com/binance-exchange/binance-official-api-docs/blob/master/rest-api.md",
      "type" : "json",
      "site" : "https://api.binance.com/api/v1/ticker/price"
    },
    "hitbtc_symbols" : {
      "notes" : "hitbtc: https://api.hitbtc.com/",
      "type" : "json",
      "site" : "https://api.hitbtc.com/api/2/public/symbol"
    },
    "hitbtc_prices" : {
      "notes" : "hitbtc: https://api.hitbtc.com/",
      "type" : "json",
      "site" : "https://api.hitbtc.com/api/2/public/ticker"
    }
  },
  "quartz" : {
    "cron" : [
      "# check if prices were recently updated",
      "with 'timeNow' 'date'",
      "peek 'local::pricesTimestamp'",
      "ship 2 1 1",
      "data 0",
      "math '+$refreshTime'",
      "math '-$timeNow'",
      "ship 1 1 @refreshValuations",
      "done 'valuations up-to-date'",
      "@refreshValuations",
      "data $sources",
      "each 'download'",
      "func 'parse'",
      "poke 'local::prices'",
      "date",
      "poke 'local::pricesTimestamp'",
      "done 'valuations downloaded'"
    ],
    "download" : [
      "poke 'key' ${.key}",
      "poke 'site' ${.value.site}",
      "poke 'type' ${.value.type}",
      "curl '$site' '' 'GET' {} {parsing:'$type'}",
      "done"
    ],
    "rate" : [
      "data '$3'",
      "ship 2 2 2 1",
      "data '1'",
      "poke amount",
      "data {source: '$1', target:'$2', amount:'$amount', mode: '$4',  prices: $local::prices}",
      "func 'valuate'",
      "done"
    ],
    "list" : [
      "done ['usd','eur','gbp','cad','nzd','jpy','cny','aud','krw','huf','pln','ron','sek','chf','isk','nok','hrk','rub','try','brl','hkd','idr','ils','inr','mxn','myr','php','sgd','thb','zar']"
    ]
  },
  "router" : {
    "_help" : "Valuation engine for calculating price conversion rates.",
    "list" : "List available symbols.",
    "rate": {
      "_help" : "Calculate a valuation using a multi-currency rate table.",
      "_ref" : {
        "_list" : "Source_Symbol",
        "_ref" : {
          "_list" : "Target_Symbol",
          "_sample" : "btc",
          "_this" : "Retrieve the median exchange-rate for one coin in another coin.",
          "_ref" : {
            "_list" : "Amount",
            "_sample" : "usd",
            "_this" : "Retrieve the median exchange-rate for a given amount of one coin in another coin.",
            "max" : "Retrieve the highest exchange-rate data for a given amount of one coin in another coin.",
            "median" : "Retrieve the median exchange-rate data for a given amount of one coin in another coin.",
            "min" : "Retrieve the lowest exchange-rate data for a given amount of one coin in another coin.",
            "meta" : "Retrieve extended exchange-rate data."
          }
        }
      }
    }
  }
}
