{
  "engine":"update",
  "name":"hybrixd OTA update module",
  "module":"update",
  "cron" : 86400,
  "projectId":7832991,

  "qrtz":{
    "cron" :[
      "test $local::lastUpdated 1 3",
      "curl('https://gitlab.com','/api/v4/projects/$projectId/repository/commits/$local::lastUpdated','GET')",
      "jump 2",
      "curl('https://gitlab.com','/api/v4/projects/$projectId/repository/commits','GET')",
      "test($,1,2)",
      "done 'hybrixd is up to date.'",
      "tran('.0.committed_date',3,1)",
      "fail 'Could not retrieve update information.'",
      "flow('$local::lastUpdated',1,2)",
      "done 'hybrixd is up to date.'",
      "logs 'Update available $'",
      "poke 'local::lastUpdated'",
      "data {projectId:$projectId}",
      "func('update')",
      "rout('/command/reload')"
    ]
  },
  "router" : {
    "_this" : "Update hybrixd.",
    "_hidden" : true,
    "_access":"root",
    "cron" : "Cron scheduled update of hybrixd"
  }
}
