{
  "symbol":"nxt",
  "name":"NXT",
  "module":"quartz",
  "mode":"nxt.main",
  "addressRegex":"^NXT(-[A-HJ-N-P-Z2-9]{4}){4}[A-HJ-N-P-Z2-9]$",
  "factor":8,
  "fee":1,
  "fee-symbol":"nxt",
  "chain":"",
  "host":["http://nxt01.now.im:7876/nxt","https://enricoip.no-ip.biz:7876/nxt"],
  "broken-host-illegal-certificate" : ["https://nxt1.y.cz:7876/nxt","https://nxt2.y.cz:7876/nxt","https://nxt2.utut.org:7876/nxt"],
  "unresponsive-host":["https://nxt.utila.nl:7876/nxt","http://gtwins2.f3322.net:7876/nxt"],
  "cache":15000,
  "throttle":5,
  "genesisBlockTime":1385294400,
  "import":"nrs-api",
  "quartz":{
    "sample" : [
      "done {address:'NXT-4RU9-TNCT-F3MU-8952K',transaction:'13821793329980543744',publicKey:'32f5fa059b39fae92e41fee6606c5afa4db80d426532fa94f50415c062794c4b'}"
    ],
    "test" : [
      "done {hash:dynamic}"
    ]
  }
}
